Time_Point_(Week#),Media_type,Flow_type,Centrifuged,405nm_alkP,488nm_VFz_abs,560nm_alamB,488nm_VF_FL
1,Std,0,1,0.180,0.200,0.372,"204,800"
1,Std,50,1,0.310,0.120,0.710,"122,880"
1,Std,100,1,0.330,0.130,0.258,"133,120"
1,Std,150,1,0.280,0.130,0.542,"133,120"
2,Std,0,1,0.180,0.260,0.510,"266,240"
2,Std,50,1,0.320,0.140,0.672,"143,360"
2,Std,100,1,0.330,0.180,0.336,"184,320"
2,Std,150,1,0.280,0.200,0.706,"204,800"
3,Std,0,1,0.270,0.330,0.399,"337,920"
3,Std,50,1,0.520,0.360,0.590,"368,640"
3,Std,100,1,0.420,0.470,0.376,"481,280"
3,Std,150,1,0.330,0.450,0.559,"460,800"
4,Std,0,1,0.330,0.380,0.460,"389,120"
4,Std,50,1,0.660,0.900,0.927,"921,600"
4,Std,100,1,0.610,0.400,1.084,"409,600"
4,Std,150,1,0.600,0.500,0.489,"512,000"
5,Std,0,1,0.240,0.430,0.229,"440,320"
5,Std,50,1,0.330,0.860,0.479,"880,640"
5,Std,100,1,0.550,0.700,0.694,"716,800"
5,Std,150,1,0.570,0.540,0.383,"552,960"
6,Std,0,1,0.160,0.310,0.158,"317,440"
6,Std,50,1,0.280,0.260,0.425,"266,240"
6,Std,100,1,0.360,0.610,0.675,"624,640"
6,Std,150,1,0.540,0.560,0.577,"573,440"
7,Std,0,1,0.180,0.320,0.088,"327,680"
7,Std,50,1,0.360,0.750,0.389,"768,000"
7,Std,100,1,0.140,0.540,0.443,"552,960"
7,Std,150,1,0.560,0.500,0.536,"512,000"
1,Std,0,0,0.180,0.200,0.298,"204,800"
1,Std,50,0,0.320,0.140,0.681,"143,360"
1,Std,100,0,0.280,0.150,0.190,"153,600"
1,Std,150,0,0.180,0.150,0.524,"153,600"
2,Std,0,0,0.280,0.240,0.393,"245,760"
2,Std,50,0,0.430,0.100,0.653,"102,400"
2,Std,100,0,0.380,0.200,0.292,"204,800"
2,Std,150,0,0.390,0.220,0.678,"225,280"
3,Std,0,0,0.280,0.340,0.355,"348,160"
3,Std,50,0,0.550,0.510,0.580,"522,240"
3,Std,100,0,0.380,0.480,0.275,"491,520"
3,Std,150,0,0.390,0.500,0.538,"512,000"
4,Std,0,0,0.270,0.340,0.345,"348,160"
4,Std,50,0,0.670,0.830,0.897,"849,920"
4,Std,100,0,0.550,0.600,0.998,"614,400"
4,Std,150,0,0.570,0.510,0.469,"522,240"
5,Std,0,0,0.240,0.430,0.220,"440,320"
5,Std,50,0,0.570,0.830,0.432,"849,920"
5,Std,100,0,0.360,0.520,0.653,"532,480"
5,Std,150,0,0.340,0.560,0.362,"573,440"
6,Std,0,0,0.180,0.300,0.128,"307,200"
6,Std,50,0,0.360,0.500,0.423,"512,000"
6,Std,100,0,0.440,0.640,0.656,"655,360"
6,Std,150,0,0.360,0.510,0.574,"522,240"
7,Std,0,0,0.120,0.310,0.085,"317,440"
7,Std,50,0,0.190,0.460,0.386,"471,040"
7,Std,100,0,0.360,0.420,0.405,"430,080"
7,Std,150,0,0.360,0.430,0.532,"440,320"
1,Std,0,1,0.140,0.380,0.445,"389,120"
1,Std,50,1,0.280,0.420,0.740,"430,080"
1,Std,100,1,0.280,0.320,0.326,"327,680"
1,Std,150,1,0.230,0.280,0.560,"286,720"
2,Std,0,1,0.140,0.480,0.627,"491,520"
2,Std,50,1,0.290,0.520,0.690,"532,480"
2,Std,100,1,0.280,0.450,0.381,"460,800"
2,Std,150,1,0.230,0.420,0.733,"430,080"
3,Std,0,1,0.240,0.490,0.442,"501,760"
3,Std,50,1,0.460,0.660,0.600,"675,840"
3,Std,100,1,0.360,0.520,0.477,"532,480"
3,Std,150,1,0.270,0.480,0.581,"491,520"
4,Std,0,1,0.300,0.400,0.576,"409,600"
4,Std,50,1,0.620,0.480,0.957,"491,520"
4,Std,100,1,0.560,0.620,1.169,"634,880"
4,Std,150,1,0.550,0.600,0.508,"614,400"
5,Std,0,1,0.220,0.320,0.239,"327,680"
5,Std,50,1,0.270,0.340,0.526,"348,160"
5,Std,100,1,0.500,0.630,0.735,"645,120"
5,Std,150,1,0.530,0.480,0.405,"491,520"
6,Std,0,1,0.140,0.180,0.188,"184,320"
6,Std,50,1,0.240,0.240,0.428,"245,760"
6,Std,100,1,0.320,0.580,0.694,"593,920"
6,Std,150,1,0.480,0.370,0.580,"378,880"
7,Std,0,1,0.140,0.100,0.091,"102,400"
7,Std,50,1,0.300,0.180,0.392,"184,320"
7,Std,100,1,0.100,0.380,0.480,"389,120"
7,Std,150,1,0.480,0.160,0.540,"163,840"
1,Std,0,0,0.160,0.180,0.140,"184,320"
1,Std,50,0,0.280,0.320,0.690,"327,680"
1,Std,100,0,0.330,0.280,0.231,"286,720"
1,Std,150,0,0.140,0.250,0.654,"256,000"
2,Std,0,0,0.250,0.300,0.587,"307,200"
2,Std,50,0,0.480,0.420,0.964,"430,080"
2,Std,100,0,0.420,0.390,0.353,"399,360"
2,Std,150,0,0.430,0.370,0.679,"378,880"
3,Std,0,0,0.260,0.280,0.425,"286,720"
3,Std,50,0,0.500,0.530,0.737,"542,720"
3,Std,100,0,0.420,0.390,0.284,"399,360"
3,Std,150,0,0.430,0.370,0.495,"378,880"
4,Std,0,0,0.250,0.230,0.292,"235,520"
4,Std,50,0,0.640,0.680,0.931,"696,320"
4,Std,100,0,0.520,0.550,1.037,"563,200"
4,Std,150,0,0.530,0.570,0.414,"583,680"
5,Std,0,0,0.210,0.270,0.108,"276,480"
5,Std,50,0,0.530,0.320,0.644,"327,680"
5,Std,100,0,0.300,0.580,0.646,"593,920"
5,Std,150,0,0.300,0.330,0.368,"337,920"
6,Std,0,0,0.160,0.170,0.119,"174,080"
6,Std,50,0,0.300,0.320,0.670,"327,680"
6,Std,100,0,0.400,0.320,0.831,"327,680"
6,Std,150,0,0.300,0.450,0.566,"460,800"
7,Std,0,0,0.100,0.120,0.002,"122,880"
7,Std,50,0,0.130,0.200,0.460,"204,800"
7,Std,100,0,0.300,0.350,0.896,"358,400"
7,Std,150,0,0.300,0.350,0.483,"358,400"
1,Std,0,1,0.220,0.080,0.065,"81,920"
1,Std,50,1,0.360,0.280,0.654,"286,720"
1,Std,100,1,0.370,0.100,0.182,"102,400"
1,Std,150,1,0.330,0.140,0.616,"143,360"
2,Std,0,1,0.220,0.177,0.446,"181,187"
2,Std,50,1,0.370,0.198,0.954,"202,342"
2,Std,100,1,0.370,0.297,0.308,"304,077"
2,Std,150,1,0.330,0.152,0.598,"155,622"
3,Std,0,1,0.300,0.262,0.269,"268,517"
3,Std,50,1,0.580,0.385,0.699,"394,086"
3,Std,100,1,0.480,0.355,0.127,"363,387"
3,Std,150,1,0.380,0.388,0.446,"397,517"
4,Std,0,1,0.350,0.310,0.163,"317,095"
4,Std,50,1,0.710,0.483,0.904,"494,362"
4,Std,100,1,0.650,0.462,1.006,"472,893"
4,Std,150,1,0.640,0.363,0.396,"371,379"
5,Std,0,1,0.260,0.312,0.088,"319,557"
5,Std,50,1,0.380,0.409,0.643,"418,970"
5,Std,100,1,0.610,0.597,0.621,"611,072"
5,Std,150,1,0.620,0.446,0.356,"457,062"
6,Std,0,1,0.180,0.226,0.071,"231,213"
6,Std,50,1,0.320,0.241,0.662,"246,400"
6,Std,100,1,0.410,0.432,0.825,"441,864"
6,Std,150,1,0.590,0.328,0.557,"335,360"
7,Std,0,1,0.220,0.167,0.000,"170,897"
7,Std,50,1,0.420,0.198,0.456,"202,394"
7,Std,100,1,0.180,0.396,0.850,"405,988"
7,Std,150,1,0.640,0.295,0.471,"302,541"
1,Std,0,0,0.200,0.076,0.216,"77,760"
1,Std,50,0,0.360,0.177,0.727,"181,325"
1,Std,100,0,0.240,0.402,0.281,"411,479"
1,Std,150,0,0.220,0.302,0.692,"309,734"
2,Std,0,0,0.310,0.160,0.729,"163,840"
2,Std,50,0,0.380,0.380,0.974,"389,120"
2,Std,100,0,0.330,0.140,0.398,"143,360"
2,Std,150,0,0.350,0.100,0.759,"102,400"
3,Std,0,0,0.300,0.067,0.581,"68,642"
3,Std,50,0,0.590,0.211,0.775,"216,435"
3,Std,100,0,0.330,0.219,0.440,"224,026"
3,Std,150,0,0.350,0.207,0.543,"212,224"
4,Std,0,0,0.290,0.155,0.420,"158,405"
4,Std,50,0,0.710,0.212,0.958,"217,280"
4,Std,100,0,0.580,0.251,1.068,"256,896"
4,Std,150,0,0.610,0.339,0.432,"346,726"
5,Std,0,0,0.270,0.169,0.128,"172,645"
5,Std,50,0,0.610,0.389,0.645,"398,515"
5,Std,100,0,0.420,0.371,0.671,"380,311"
5,Std,150,0,0.370,0.344,0.381,"352,333"
6,Std,0,0,0.200,0.245,0.168,"250,837"
6,Std,50,0,0.420,0.520,0.678,"532,710"
6,Std,100,0,0.480,0.457,0.838,"467,597"
6,Std,150,0,0.420,0.419,0.574,"429,414"
7,Std,0,0,0.140,0.216,0.047,"220,774"
7,Std,50,0,0.250,0.288,0.463,"295,296"
7,Std,100,0,0.420,0.299,0.941,"306,566"
7,Std,150,0,0.420,0.377,0.495,"385,690"
1,10%CS,0,0,0.370,0.207,0.290,"211,780"
1,10%CS,50,0,0.400,0.268,0.195,"274,458"
1,10%CS,100,0,0.330,0.231,0.312,"236,178"
1,10%CS,150,0,0.300,0.420,0.290,"429,645"
2,10%CS,0,0,0.460,0.080,0.268,"82,391"
2,10%CS,50,0,0.500,0.161,0.144,"164,659"
2,10%CS,100,0,0.440,0.240,0.363,"245,476"
2,10%CS,150,0,0.420,0.493,0.736,"504,704"
3,10%CS,0,0,0.480,0.180,0.637,"184,320"
3,10%CS,50,0,0.680,0.080,0.092,"81,920"
3,10%CS,100,0,0.520,0.090,0.480,"92,160"
3,10%CS,150,0,0.480,0.090,0.601,"92,160"
4,10%CS,0,0,0.380,0.220,0.695,"225,280"
4,10%CS,50,0,0.440,0.110,0.956,"112,640"
4,10%CS,100,0,0.630,0.120,1.073,"122,880"
4,10%CS,150,0,0.610,0.150,0.690,"153,600"
5,10%CS,0,0,0.180,0.290,0.313,"296,960"
5,10%CS,50,0,0.350,0.240,0.350,"245,760"
5,10%CS,100,0,0.660,0.420,1.011,"430,080"
5,10%CS,150,0,0.490,0.390,0.512,"399,360"
6,10%CS,0,0,0.180,0.330,0.163,"337,920"
6,10%CS,50,0,0.230,0.830,0.612,"849,920"
6,10%CS,100,0,0.580,0.340,0.909,"348,160"
6,10%CS,150,0,0.370,0.400,0.672,"409,600"
7,10%CS,0,0,0.130,0.390,0.105,"399,360"
7,10%CS,50,0,0.190,0.780,0.578,"798,720"
7,10%CS,100,0,0.380,0.600,0.743,"614,400"
7,10%CS,150,0,0.180,0.480,0.607,"491,520"
1,Std,0,0,0.180,0.270,0.109,"276,480"
1,Std,50,0,0.300,0.540,0.678,"552,960"
1,Std,100,0,0.280,0.510,0.203,"522,240"
1,Std,150,0,0.260,0.610,0.654,"624,640"
2,Std,0,0,0.280,0.280,0.561,"286,720"
2,Std,50,0,0.440,0.670,1.063,"686,080"
2,Std,100,0,0.400,0.450,0.332,"460,800"
2,Std,150,0,0.370,0.430,0.680,"440,320"
3,Std,0,0,0.280,0.180,0.403,"184,320"
3,Std,50,0,0.520,0.100,0.750,"102,400"
3,Std,100,0,0.420,0.110,0.419,"112,640"
3,Std,150,0,0.400,0.110,0.486,"112,640"
4,Std,0,0,0.220,0.200,0.220,"204,800"
4,Std,50,0,0.680,0.070,0.933,"71,680"
4,Std,100,0,0.560,0.130,1.049,"133,120"
4,Std,150,0,0.580,0.140,0.419,"143,360"
5,Std,0,0,0.280,0.310,0.150,"317,440"
5,Std,50,0,0.320,0.420,0.643,"430,080"
5,Std,100,0,0.340,0.440,0.673,"450,560"
5,Std,150,0,0.480,0.460,0.365,"471,040"
6,Std,0,0,0.180,0.310,0.096,"317,440"
6,Std,50,0,0.320,0.720,0.663,"737,280"
6,Std,100,0,0.320,0.550,0.744,"563,200"
6,Std,150,0,0.220,0.440,0.561,"450,560"
7,Std,0,0,0.120,0.390,0.098,"399,360"
7,Std,50,0,0.180,0.710,0.452,"727,040"
7,Std,100,0,0.320,0.420,0.759,"430,080"
7,Std,150,0,0.330,0.510,0.493,"522,240"
1,10%CS,0,0,0.330,0.250,0.249,"256,000"
1,10%CS,50,0,0.370,0.440,0.190,"450,560"
1,10%CS,100,0,0.290,0.580,0.274,"593,920"
1,10%CS,150,0,0.260,0.450,0.278,"460,800"
2,10%CS,0,0,0.400,0.260,0.213,"266,240"
2,10%CS,50,0,0.450,0.370,0.143,"378,880"
2,10%CS,100,0,0.380,0.360,0.346,"368,640"
2,10%CS,150,0,0.370,0.370,0.688,"378,880"
3,10%CS,0,0,0.440,0.340,0.542,"348,160"
3,10%CS,50,0,0.600,0.380,0.087,"389,120"
3,10%CS,100,0,0.460,0.280,0.305,"286,720"
3,10%CS,150,0,0.420,0.240,0.548,"245,760"
4,10%CS,0,0,0.330,0.420,0.594,"430,080"
4,10%CS,50,0,0.410,0.460,0.882,"471,040"
4,10%CS,100,0,0.580,0.400,1.017,"409,600"
4,10%CS,150,0,0.550,0.380,0.624,"389,120"
5,10%CS,0,0,0.140,0.460,0.186,"471,040"
5,10%CS,50,0,0.290,0.620,0.332,"634,880"
5,10%CS,100,0,0.620,0.460,0.801,"471,040"
5,10%CS,150,0,0.430,0.420,0.505,"430,080"
6,10%CS,0,0,0.140,0.360,0.126,"368,640"
6,10%CS,50,0,0.180,0.440,0.551,"450,560"
6,10%CS,100,0,0.520,0.560,0.772,"573,440"
6,10%CS,150,0,0.100,0.550,0.629,"563,200"
7,10%CS,0,0,0.100,0.280,0.077,"286,720"
7,10%CS,50,0,0.150,0.280,0.536,"286,720"
7,10%CS,100,0,0.320,0.580,0.485,"593,920"
7,10%CS,150,0,0.140,0.430,0.570,"440,320"
1,Std,0,0,0.160,0.140,0.031,"143,360"
1,Std,50,0,0.260,0.200,0.645,"204,800"
1,Std,100,0,0.240,0.530,0.138,"542,720"
1,Std,150,0,0.220,0.320,0.612,"327,680"
2,Std,0,0,0.250,0.050,0.377,"51,200"
2,Std,50,0,0.390,0.140,1.061,"143,360"
2,Std,100,0,0.360,0.330,0.266,"337,920"
2,Std,150,0,0.330,0.100,0.564,"102,400"
3,Std,0,0,0.250,0.150,0.356,"153,600"
3,Std,50,0,0.450,0.280,0.713,"286,720"
3,Std,100,0,0.360,0.250,0.197,"256,000"
3,Std,150,0,0.360,0.220,0.423,"225,280"
4,Std,0,0,0.180,0.270,0.060,"276,480"
4,Std,50,0,0.620,0.380,0.918,"389,120"
4,Std,100,0,0.500,0.350,1.001,"358,400"
4,Std,150,0,0.540,0.330,0.403,"337,920"
5,Std,0,0,0.250,0.240,0.061,"245,760"
5,Std,50,0,0.280,0.480,0.590,"491,520"
5,Std,100,0,0.300,0.350,0.622,"358,400"
5,Std,150,0,0.420,0.330,0.344,"337,920"
6,Std,0,0,0.140,0.200,0.035,"204,800"
6,Std,50,0,0.260,0.620,0.629,"634,880"
6,Std,100,0,0.260,0.480,0.580,"491,520"
6,Std,150,0,0.180,0.500,0.553,"512,000"
7,Std,0,0,0.080,0.240,0.094,"245,760"
7,Std,50,0,0.140,0.280,0.427,"286,720"
7,Std,100,0,0.260,0.520,0.545,"532,480"
7,Std,150,0,0.290,0.290,0.445,"296,960"
1,10%CS,0,0,0.410,0.140,0.330,"143,360"
1,10%CS,50,0,0.430,0.280,0.201,"286,720"
1,10%CS,100,0,0.370,0.280,0.349,"286,720"
1,10%CS,150,0,0.340,0.400,0.301,"409,600"
2,10%CS,0,0,0.530,0.100,0.323,"102,400"
2,10%CS,50,0,0.550,0.170,0.145,"174,080"
2,10%CS,100,0,0.500,0.300,0.380,"307,200"
2,10%CS,150,0,0.480,0.310,0.783,"317,440"
3,10%CS,0,0,0.520,0.040,0.732,"40,960"
3,10%CS,50,0,0.760,0.230,0.098,"235,520"
3,10%CS,100,0,0.520,0.060,0.656,"61,440"
3,10%CS,150,0,0.540,0.100,0.654,"102,400"
4,10%CS,0,0,0.430,0.131,0.795,"133,926"
4,10%CS,50,0,0.470,0.186,1.031,"190,545"
4,10%CS,100,0,0.680,0.205,1.130,"209,994"
4,10%CS,150,0,0.660,0.149,0.757,"152,065"
5,10%CS,0,0,0.220,0.205,0.440,"209,448"
5,10%CS,50,0,0.400,0.370,0.369,"378,411"
5,10%CS,100,0,0.700,0.231,1.220,"236,619"
5,10%CS,150,0,0.550,0.340,0.520,"348,382"
6,10%CS,0,0,0.220,0.269,0.200,"274,991"
6,10%CS,50,0,0.280,0.464,0.673,"475,473"
6,10%CS,100,0,0.640,0.221,1.047,"226,468"
6,10%CS,150,0,0.440,0.354,0.716,"362,538"
7,10%CS,0,0,0.160,0.300,0.133,"306,697"
7,10%CS,50,0,0.230,0.406,0.620,"416,081"
7,10%CS,100,0,0.440,0.586,1.000,"600,418"
7,10%CS,150,0,0.230,0.441,0.644,"452,032"
1,Std,0,0,0.200,0.216,0.187,"221,468"
1,Std,50,0,0.330,0.194,0.710,"198,200"
1,Std,100,0,0.320,0.391,0.268,"400,176"
1,Std,150,0,0.300,0.306,0.695,"313,672"
2,Std,0,0,0.320,0.137,0.745,"140,010"
2,Std,50,0,0.500,0.195,1.064,"199,419"
2,Std,100,0,0.440,0.377,0.397,"386,488"
2,Std,150,0,0.420,0.293,0.796,"299,662"
3,Std,0,0,0.320,0.073,0.451,"75,143"
3,Std,50,0,0.600,0.174,0.786,"178,204"
3,Std,100,0,0.480,0.364,0.641,"373,086"
3,Std,150,0,0.450,0.299,0.549,"305,684"
4,Std,0,0,0.260,0.120,0.380,"122,880"
4,Std,50,0,0.740,0.320,0.948,"327,680"
4,Std,100,0,0.620,0.100,1.097,"102,400"
4,Std,150,0,0.620,0.140,0.436,"143,360"
5,Std,0,0,0.310,0.065,0.239,"67,029"
5,Std,50,0,0.360,0.208,0.695,"212,509"
5,Std,100,0,0.380,0.171,0.724,"175,252"
5,Std,150,0,0.540,0.205,0.385,"210,133"
6,Std,0,0,0.220,0.133,0.157,"136,497"
6,Std,50,0,0.380,0.205,0.698,"210,281"
6,Std,100,0,0.380,0.144,0.909,"147,937"
6,Std,150,0,0.260,0.326,0.569,"334,264"
7,Std,0,0,0.160,0.158,0.101,"162,167"
7,Std,50,0,0.220,0.378,0.476,"387,443"
7,Std,100,0,0.380,0.148,0.974,"151,217"
7,Std,150,0,0.370,0.336,0.540,"344,202"
0,10%CS,0,1,0.080,0.080,0.160,"81,920"
0,10%CS,50,1,0.280,0.280,0.380,"286,720"
0,10%CS,100,1,0.100,0.100,0.140,"102,400"
0,10%CS,150,1,0.140,0.140,0.100,"143,360"
1,10%CS,0,1,0.280,0.195,0.372,"200,138"
1,10%CS,50,1,0.480,0.288,0.710,"294,657"
1,10%CS,100,1,0.340,0.274,0.258,"280,987"
1,10%CS,150,1,0.360,0.364,0.542,"372,413"
2,10%CS,0,1,0.300,0.123,0.510,"125,855"
2,10%CS,50,1,0.480,0.260,0.672,"266,223"
2,10%CS,100,1,0.350,0.224,0.336,"229,316"
2,10%CS,150,1,0.380,0.411,0.706,"421,046"
3,10%CS,0,1,0.370,0.035,0.399,"36,306"
3,10%CS,50,1,0.600,0.157,0.590,"161,148"
3,10%CS,100,1,0.590,0.161,0.376,"165,071"
3,10%CS,150,1,0.500,0.481,0.559,"492,841"
4,10%CS,0,1,0.340,0.220,0.460,"225,280"
4,10%CS,50,1,0.800,0.160,0.927,"163,840"
4,10%CS,100,1,0.520,0.170,1.084,"174,080"
4,10%CS,150,1,0.500,0.170,0.489,"174,080"
5,10%CS,0,1,0.330,0.300,0.188,"307,200"
5,10%CS,50,1,0.580,0.170,0.480,"174,080"
5,10%CS,100,1,0.500,0.240,0.622,"245,760"
5,10%CS,150,1,0.430,0.250,0.380,"256,000"
6,10%CS,0,1,0.220,0.370,0.127,"378,880"
6,10%CS,50,1,0.500,0.480,0.419,"491,520"
6,10%CS,100,1,0.560,0.520,0.611,"532,480"
6,10%CS,150,1,0.600,0.510,0.574,"522,240"
7,10%CS,0,1,0.120,0.430,0.070,"440,320"
7,10%CS,50,1,0.570,0.970,0.386,"993,280"
7,10%CS,100,1,0.600,0.440,0.399,"450,560"
7,10%CS,150,1,0.580,0.600,0.531,"614,400"
0,Std,0,1,0.160,0.470,0.080,"481,280"
0,Std,50,1,0.380,0.920,0.280,"942,080"
0,Std,100,1,0.140,0.800,0.100,"819,200"
0,Std,150,1,0.100,0.610,0.140,"624,640"
1,Std,0,1,0.200,0.350,0.239,"358,400"
1,Std,50,1,0.300,0.660,0.731,"675,840"
1,Std,100,1,0.320,0.710,0.357,"727,040"
1,Std,150,1,0.280,0.510,0.838,"522,240"
2,Std,0,1,0.180,0.360,0.365,"368,640"
2,Std,50,1,0.330,0.830,0.616,"849,920"
2,Std,100,1,0.300,0.630,0.544,"645,120"
2,Std,150,1,0.300,0.580,0.785,"593,920"
3,Std,0,1,0.320,0.220,0.436,"225,280"
3,Std,50,1,0.520,0.180,0.722,"184,320"
3,Std,100,1,0.460,0.190,0.567,"194,560"
3,Std,150,1,0.400,0.190,0.685,"194,560"
4,Std,0,1,0.240,0.280,0.851,"286,720"
4,Std,50,1,0.640,0.130,0.961,"133,120"
4,Std,100,1,0.580,0.270,1.080,"276,480"
4,Std,150,1,0.520,0.290,0.648,"296,960"
5,Std,0,1,0.240,0.370,0.617,"378,880"
5,Std,50,1,0.560,0.600,0.665,"614,400"
5,Std,100,1,0.360,0.520,0.902,"532,480"
5,Std,150,1,0.300,0.540,0.392,"552,960"
6,Std,0,1,0.150,0.370,0.321,"378,880"
6,Std,50,1,0.320,0.940,0.705,"962,560"
6,Std,100,1,0.380,0.650,0.929,"665,600"
6,Std,150,1,0.420,0.580,0.582,"593,920"
7,Std,0,1,0.100,0.470,0.077,"481,280"
7,Std,50,1,0.410,0.950,0.435,"972,800"
7,Std,100,1,0.440,0.620,0.802,"634,880"
7,Std,150,1,0.460,0.610,0.526,"624,640"
0,10%CS,0,1,0.040,0.340,0.120,"348,160"
0,10%CS,50,1,0.230,0.560,0.320,"573,440"
0,10%CS,100,1,0.060,0.710,0.100,"727,040"
0,10%CS,150,1,0.100,0.570,0.140,"583,680"
1,10%CS,0,1,0.230,0.350,0.372,"358,400"
1,10%CS,50,1,0.390,0.550,0.710,"563,200"
1,10%CS,100,1,0.280,0.470,0.258,"481,280"
1,10%CS,150,1,0.310,0.480,0.542,"491,520"
2,10%CS,0,1,0.260,0.420,0.510,"430,080"
2,10%CS,50,1,0.400,0.460,0.672,"471,040"
2,10%CS,100,1,0.290,0.360,0.336,"368,640"
2,10%CS,150,1,0.330,0.320,0.706,"327,680"
3,10%CS,0,1,0.310,0.540,0.399,"552,960"
3,10%CS,50,1,0.520,0.580,0.590,"593,920"
3,10%CS,100,1,0.530,0.500,0.376,"512,000"
3,10%CS,150,1,0.440,0.470,0.559,"481,280"
4,10%CS,0,1,0.290,0.520,0.460,"532,480"
4,10%CS,50,1,0.720,0.740,0.927,"757,760"
4,10%CS,100,1,0.470,0.580,1.084,"593,920"
4,10%CS,150,1,0.540,0.540,0.489,"552,960"
5,10%CS,0,1,0.280,0.450,0.050,"460,800"
5,10%CS,50,1,0.500,0.520,0.450,"532,480"
5,10%CS,100,1,0.450,0.670,0.527,"686,080"
5,10%CS,150,1,0.390,0.650,0.376,"665,600"
6,10%CS,0,1,0.180,0.370,0.089,"378,880"
6,10%CS,50,1,0.440,0.390,0.409,"399,360"
6,10%CS,100,1,0.480,0.680,0.484,"696,320"
6,10%CS,150,1,0.530,0.550,0.543,"563,200"
7,10%CS,0,1,0.080,0.220,0.009,"225,280"
7,10%CS,50,1,0.500,0.280,0.381,"286,720"
7,10%CS,100,1,0.530,0.640,0.322,"655,360"
7,10%CS,150,1,0.520,0.420,0.529,"430,080"
0,Std,0,1,0.120,0.160,0.040,"163,840"
0,Std,50,1,0.320,0.240,0.230,"245,760"
0,Std,100,1,0.100,0.440,0.060,"450,560"
0,Std,150,1,0.140,0.200,0.100,"204,800"
1,Std,0,1,0.160,0.210,0.239,"215,040"
1,Std,50,1,0.240,0.380,0.731,"389,120"
1,Std,100,1,0.260,0.320,0.357,"327,680"
1,Std,150,1,0.220,0.280,0.838,"286,720"
2,Std,0,1,0.140,0.330,0.365,"337,920"
2,Std,50,1,0.280,0.500,0.616,"512,000"
2,Std,100,1,0.240,0.430,0.544,"440,320"
2,Std,150,1,0.240,0.420,0.785,"430,080"
3,Std,0,1,0.260,0.320,0.436,"327,680"
3,Std,50,1,0.460,0.620,0.722,"634,880"
3,Std,100,1,0.380,0.430,0.567,"440,320"
3,Std,150,1,0.340,0.420,0.685,"430,080"
4,Std,0,1,0.180,0.260,0.851,"266,240"
4,Std,50,1,0.550,0.750,0.961,"768,000"
4,Std,100,1,0.500,0.620,1.080,"634,880"
4,Std,150,1,0.510,0.600,0.648,"614,400"
5,Std,0,1,0.190,0.320,0.492,"327,680"
5,Std,50,1,0.480,0.400,0.614,"409,600"
5,Std,100,1,0.330,0.650,0.750,"665,600"
5,Std,150,1,0.250,0.380,0.373,"389,120"
6,Std,0,1,0.110,0.220,0.210,"225,280"
6,Std,50,1,0.260,0.360,0.660,"368,640"
6,Std,100,1,0.320,0.360,0.659,"368,640"
6,Std,150,1,0.380,0.520,0.550,"532,480"
7,Std,0,1,0.080,0.150,0.073,"153,600"
7,Std,50,1,0.350,0.240,0.435,"245,760"
7,Std,100,1,0.360,0.420,0.672,"430,080"
7,Std,150,1,0.400,0.400,0.508,"409,600"
0,10%CS,0,1,0.120,0.120,0.200,"122,880"
0,10%CS,50,1,0.330,0.330,0.440,"337,920"
0,10%CS,100,1,0.140,0.140,0.180,"143,360"
0,10%CS,150,1,0.170,0.170,0.080,"174,080"
1,10%CS,0,1,0.330,0.223,0.372,"228,447"
1,10%CS,50,1,0.570,0.209,0.710,"214,139"
1,10%CS,100,1,0.400,0.389,0.258,"398,159"
1,10%CS,150,1,0.420,0.155,0.542,"159,180"
2,10%CS,0,1,0.330,0.320,0.510,"327,587"
2,10%CS,50,1,0.560,0.400,0.672,"409,762"
2,10%CS,100,1,0.410,0.479,0.336,"490,155"
2,10%CS,150,1,0.430,0.436,0.706,"446,652"
3,10%CS,0,1,0.430,0.351,0.399,"359,199"
3,10%CS,50,1,0.680,0.501,0.590,"513,251"
3,10%CS,100,1,0.650,0.702,0.376,"719,319"
3,10%CS,150,1,0.560,0.371,0.559,"380,220"
4,10%CS,0,1,0.390,0.325,0.460,"332,418"
4,10%CS,50,1,0.870,0.412,0.927,"421,858"
4,10%CS,100,1,0.570,0.607,1.084,"621,726"
4,10%CS,150,1,0.460,0.451,0.489,"462,093"
5,10%CS,0,1,0.380,0.235,0.325,"240,959"
5,10%CS,50,1,0.660,0.288,0.510,"294,600"
5,10%CS,100,1,0.550,0.472,0.716,"483,552"
5,10%CS,150,1,0.480,0.349,0.383,"357,048"
6,10%CS,0,1,0.260,0.197,0.165,"201,783"
6,10%CS,50,1,0.570,0.201,0.429,"205,368"
6,10%CS,100,1,0.640,0.416,0.738,"425,487"
6,10%CS,150,1,0.670,0.298,0.605,"305,420"
7,10%CS,0,1,0.150,0.078,0.131,"80,377"
7,10%CS,50,1,0.650,0.180,0.391,"184,446"
7,10%CS,100,1,0.680,0.439,0.476,"449,873"
7,10%CS,150,1,0.650,0.306,0.532,"313,785"
0,Std,0,1,0.200,0.200,0.120,"204,800"
0,Std,50,1,0.440,0.440,0.330,"450,560"
0,Std,100,1,0.180,0.180,0.140,"184,320"
0,Std,150,1,0.080,0.080,0.170,"81,920"
1,Std,0,1,0.240,0.069,0.239,"70,256"
1,Std,50,1,0.360,0.215,0.731,"220,362"
1,Std,100,1,0.380,0.266,0.357,"272,799"
1,Std,150,1,0.340,0.209,0.838,"214,315"
2,Std,0,1,0.220,0.176,0.365,"180,313"
2,Std,50,1,0.380,0.219,0.616,"224,279"
2,Std,100,1,0.360,0.357,0.544,"365,855"
2,Std,150,1,0.360,0.351,0.785,"359,188"
3,Std,0,1,0.380,0.179,0.436,"183,122"
3,Std,50,1,0.580,0.400,0.722,"409,588"
3,Std,100,1,0.520,0.595,0.567,"609,405"
3,Std,150,1,0.480,0.352,0.685,"360,464"
4,Std,0,1,0.300,0.277,0.851,"283,215"
4,Std,50,1,0.730,0.531,0.961,"543,472"
4,Std,100,1,0.660,0.487,1.080,"499,053"
4,Std,150,1,0.590,0.439,0.648,"449,166"
5,Std,0,1,0.280,0.236,0.742,"241,411"
5,Std,50,1,0.620,0.289,0.717,"295,935"
5,Std,100,1,0.390,0.324,1.055,"332,144"
5,Std,150,1,0.350,0.390,0.411,"398,966"
6,Std,0,1,0.190,0.291,0.432,"297,705"
6,Std,50,1,0.380,0.276,0.750,"282,692"
6,Std,100,1,0.440,0.237,1.199,"243,041"
6,Std,150,1,0.470,0.428,0.613,"438,243"
7,Std,0,1,0.060,0.125,0.081,"128,476"
7,Std,50,1,0.460,0.164,0.435,"168,171"
7,Std,100,1,0.520,0.318,0.933,"325,880"
7,Std,150,1,0.520,0.504,0.545,"516,567"
1,Std,0,1,0.186,0.189,0.352,"212,992"
1,Std,50,1,0.321,0.123,0.693,"128,778"
1,Std,100,1,0.312,0.137,0.262,"131,389"
1,Std,150,1,0.285,0.138,0.519,"132,987"
2,Std,0,1,0.174,0.252,0.515,"265,974"
2,Std,50,1,0.310,0.134,0.669,"149,094"
2,Std,100,1,0.330,0.175,0.340,"182,477"
2,Std,150,1,0.271,0.201,0.685,"201,728"
3,Std,0,1,0.276,0.327,0.411,"325,755"
3,Std,50,1,0.522,0.373,0.602,"388,915"
3,Std,100,1,0.430,0.450,0.386,"498,125"
3,Std,150,1,0.317,0.439,0.543,"445,133"
4,Std,0,1,0.312,0.374,0.483,"407,798"
4,Std,50,1,0.659,0.875,0.879,"962,150"
4,Std,100,1,0.602,0.417,1.050,"390,349"
4,Std,150,1,0.600,0.483,0.483,"494,080"
5,Std,0,1,0.229,0.448,0.219,"459,694"
5,Std,50,1,0.333,0.841,0.480,"901,775"
5,Std,100,1,0.581,0.717,0.695,"677,376"
5,Std,150,1,0.575,0.552,0.376,"554,066"
6,Std,0,1,0.161,0.307,0.152,"298,711"
6,Std,50,1,0.267,0.253,0.405,"258,519"
6,Std,100,1,0.370,0.625,0.664,"645,878"
6,Std,150,1,0.543,0.571,0.611,"551,076"
7,Std,0,1,0.184,0.318,0.092,"333,578"
7,Std,50,1,0.374,0.719,0.369,"777,984"
7,Std,100,1,0.136,0.557,0.470,"559,596"
7,Std,150,1,0.541,0.493,0.561,"542,208"
1,Std,0,0,0.182,0.211,0.315,"198,042"
1,Std,50,0,0.333,0.133,0.693,"146,944"
1,Std,100,0,0.267,0.150,0.184,"158,515"
1,Std,150,0,0.187,0.157,0.502,"146,227"
2,Std,0,0,0.265,0.253,0.413,"257,065"
2,Std,50,0,0.424,0.106,0.650,"102,912"
2,Std,100,0,0.377,0.210,0.297,"207,872"
2,Std,150,0,0.376,0.211,0.643,"218,747"
3,Std,0,0,0.293,0.338,0.337,"367,309"
3,Std,50,0,0.580,0.487,0.576,"494,561"
3,Std,100,0,0.391,0.460,0.274,"477,266"
3,Std,150,0,0.409,0.523,0.540,"509,952"
4,Std,0,0,0.263,0.345,0.332,"368,353"
4,Std,50,0,0.678,0.864,0.887,"830,372"
4,Std,100,0,0.531,0.595,1.001,"635,290"
4,Std,150,0,0.591,0.497,0.446,"520,151"
5,Std,0,0,0.247,0.422,0.222,"461,455"
5,Std,50,0,0.592,0.871,0.417,"858,419"
5,Std,100,0,0.364,0.540,0.669,"555,909"
5,Std,150,0,0.336,0.536,0.342,"554,516"
6,Std,0,0,0.177,0.315,0.130,"325,018"
6,Std,50,0,0.369,0.472,0.426,"516,096"
6,Std,100,0,0.429,0.641,0.632,"618,660"
6,Std,150,0,0.362,0.525,0.586,"539,996"
7,Std,0,0,0.124,0.295,0.088,"320,614"
7,Std,50,0,0.194,0.465,0.392,"449,372"
7,Std,100,0,0.342,0.412,0.393,"455,455"
7,Std,150,0,0.356,0.441,0.519,"429,312"
1,Std,0,1,0.136,0.365,0.438,"395,346"
1,Std,50,1,0.295,0.432,0.705,"433,951"
1,Std,100,1,0.279,0.309,0.342,"329,974"
1,Std,150,1,0.224,0.272,0.571,"274,104"
2,Std,0,1,0.148,0.457,0.596,"477,757"
2,Std,50,1,0.303,0.511,0.722,"502,129"
2,Std,100,1,0.272,0.433,0.400,"440,986"
2,Std,150,1,0.223,0.425,0.773,"453,304"
3,Std,0,1,0.229,0.473,0.435,"493,230"
3,Std,50,1,0.443,0.678,0.574,"685,978"
3,Std,100,1,0.343,0.520,0.498,"513,311"
3,Std,150,1,0.271,0.468,0.604,"506,266"
4,Std,0,1,0.292,0.384,0.600,"433,357"
4,Std,50,1,0.607,0.480,0.918,"482,673"
4,Std,100,1,0.582,0.615,1.155,"657,736"
4,Std,150,1,0.580,0.627,0.498,"602,726"
5,Std,0,1,0.211,0.318,0.243,"317,522"
5,Std,50,1,0.261,0.354,0.504,"347,116"
5,Std,100,1,0.524,0.638,0.749,"663,183"
5,Std,150,1,0.562,0.480,0.416,"486,605"
6,Std,0,1,0.135,0.181,0.191,"181,187"
6,Std,50,1,0.246,0.233,0.414,"238,633"
6,Std,100,1,0.339,0.611,0.722,"604,611"
6,Std,150,1,0.462,0.367,0.550,"366,377"
7,Std,0,1,0.143,0.097,0.094,"108,544"
7,Std,50,1,0.289,0.176,0.369,"181,187"
7,Std,100,1,0.095,0.358,0.466,"402,350"
7,Std,150,1,0.503,0.163,0.508,"165,478"
1,Std,0,0,0.156,0.188,0.139,"191,324"
1,Std,50,0,0.290,0.303,0.651,"333,578"
1,Std,100,0,0.331,0.288,0.224,"293,601"
1,Std,150,0,0.138,0.260,0.630,"248,064"
2,Std,0,0,0.247,0.285,0.603,"288,768"
2,Std,50,0,0.507,0.436,0.972,"418,898"
2,Std,100,0,0.415,0.390,0.365,"396,165"
2,Std,150,0,0.453,0.389,0.699,"399,340"
3,Std,0,0,0.265,0.279,0.424,"280,412"
3,Std,50,0,0.489,0.531,0.778,"522,639"
3,Std,100,0,0.397,0.397,0.271,"391,373"
3,Std,150,0,0.423,0.374,0.498,"389,868"
4,Std,0,0,0.251,0.219,0.278,"232,929"
4,Std,50,0,0.675,0.658,0.894,"717,210"
4,Std,100,0,0.538,0.545,1.099,"578,406"
4,Std,150,0,0.549,0.598,0.416,"566,753"
5,Std,0,0,0.222,0.256,0.105,"265,421"
5,Std,50,0,0.545,0.309,0.677,"340,460"
5,Std,100,0,0.303,0.611,0.682,"607,580"
5,Std,150,0,0.309,0.324,0.389,"357,857"
6,Std,0,0,0.165,0.177,0.117,"183,654"
6,Std,50,0,0.290,0.336,0.664,"332,268"
6,Std,100,0,0.402,0.336,0.803,"327,680"
6,Std,150,0,0.316,0.475,0.586,"470,016"
7,Std,0,0,0.101,0.122,0.002,"129,270"
7,Std,50,0,0.132,0.201,0.463,"207,462"
7,Std,100,0,0.284,0.364,0.845,"350,515"
7,Std,150,0,0.311,0.329,0.510,"360,550"
1,Std,0,1,0.209,0.080,0.065,"81,183"
1,Std,50,1,0.359,0.274,0.617,"277,832"
1,Std,100,1,0.369,0.099,0.174,"99,226"
1,Std,150,1,0.328,0.142,0.640,"148,521"
2,Std,0,1,0.227,0.185,0.421,"173,758"
2,Std,50,1,0.349,0.193,0.946,"208,210"
2,Std,100,1,0.376,0.314,0.290,"303,773"
2,Std,150,1,0.335,0.147,0.606,"152,198"
3,Std,0,1,0.306,0.254,0.260,"262,878"
3,Std,50,1,0.612,0.373,0.686,"384,628"
3,Std,100,1,0.492,0.335,0.131,"378,286"
3,Std,150,1,0.391,0.392,0.437,"381,219"
4,Std,0,1,0.365,0.300,0.158,"323,437"
4,Std,50,1,0.682,0.476,0.941,"486,947"
4,Std,100,1,0.637,0.476,1.033,"475,257"
4,Std,150,1,0.658,0.344,0.403,"378,807"
5,Std,0,1,0.269,0.300,0.089,"305,177"
5,Std,50,1,0.399,0.431,0.660,"399,697"
5,Std,100,1,0.615,0.574,0.645,"601,906"
5,Std,150,1,0.608,0.426,0.361,"451,577"
6,Std,0,1,0.171,0.221,0.072,"223,583"
6,Std,50,1,0.338,0.232,0.641,"249,850"
6,Std,100,1,0.424,0.438,0.822,"422,422"
6,Std,150,1,0.599,0.332,0.562,"347,768"
7,Std,0,1,0.207,0.176,0.000,"179,613"
7,Std,50,1,0.403,0.188,0.437,"193,084"
7,Std,100,1,0.187,0.390,0.871,"389,748"
7,Std,150,1,0.662,0.295,0.491,"309,802"
1,Std,0,0,0.206,0.073,0.210,"75,894"
1,Std,50,0,0.351,0.177,0.694,"182,594"
1,Std,100,0,0.240,0.387,0.265,"427,115"
1,Std,150,0,0.216,0.289,0.727,"328,008"
2,Std,0,0,0.324,0.152,0.711,"171,377"
2,Std,50,0,0.389,0.358,0.979,"368,886"
2,Std,100,0,0.311,0.136,0.385,"146,657"
2,Std,150,0,0.349,0.103,0.791,"107,725"
3,Std,0,0,0.294,0.064,0.609,"66,445"
3,Std,50,0,0.581,0.222,0.797,"208,427"
3,Std,100,0,0.322,0.225,0.417,"224,026"
3,Std,150,0,0.331,0.206,0.512,"222,623"
4,Std,0,0,0.287,0.159,0.415,"165,533"
4,Std,50,0,0.687,0.208,0.913,"210,544"
4,Std,100,0,0.567,0.252,1.036,"259,979"
4,Std,150,0,0.612,0.337,0.419,"363,022"
5,Std,0,0,0.278,0.178,0.132,"179,551"
5,Std,50,0,0.619,0.395,0.621,"412,463"
5,Std,100,0,0.435,0.380,0.711,"382,593"
5,Std,150,0,0.385,0.327,0.360,"367,836"
6,Std,0,0,0.212,0.243,0.174,"248,579"
6,Std,50,0,0.396,0.513,0.675,"515,131"
6,Std,100,0,0.461,0.457,0.811,"463,389"
6,Std,150,0,0.403,0.398,0.563,"434,996"
7,Std,0,0,0.140,0.222,0.044,"217,904"
7,Std,50,0,0.252,0.301,0.458,"304,745"
7,Std,100,0,0.440,0.285,0.946,"297,676"
7,Std,150,0,0.399,0.369,0.467,"388,776"
1,10%CS,0,0,0.390,0.207,0.298,"204,791"
1,10%CS,50,0,0.418,0.261,0.194,"276,105"
1,10%CS,100,0,0.313,0.227,0.311,"235,942"
1,10%CS,150,0,0.307,0.399,0.302,"406,444"
2,10%CS,0,0,0.454,0.079,0.259,"83,627"
2,10%CS,50,0,0.513,0.152,0.142,"172,727"
2,10%CS,100,0,0.441,0.229,0.347,"238,603"
2,10%CS,150,0,0.443,0.471,0.699,"508,742"
3,10%CS,0,0,0.489,0.178,0.601,"189,297"
3,10%CS,50,0,0.707,0.077,0.088,"81,592"
3,10%CS,100,0,0.524,0.085,0.457,"93,635"
3,10%CS,150,0,0.488,0.090,0.594,"86,630"
4,10%CS,0,0,0.359,0.215,0.696,"229,110"
4,10%CS,50,0,0.414,0.110,0.936,"111,063"
4,10%CS,100,0,0.595,0.125,1.070,"122,880"
4,10%CS,150,0,0.613,0.141,0.676,"149,760"
5,10%CS,0,0,0.181,0.304,0.313,"304,087"
5,10%CS,50,0,0.361,0.253,0.369,"234,455"
5,10%CS,100,0,0.696,0.432,1.018,"452,014"
5,10%CS,150,0,0.505,0.399,0.493,"379,392"
6,10%CS,0,0,0.186,0.321,0.155,"355,154"
6,10%CS,50,0,0.225,0.845,0.599,"900,915"
6,10%CS,100,0,0.614,0.350,0.922,"346,767"
6,10%CS,150,0,0.363,0.394,0.659,"398,541"
7,10%CS,0,0,0.130,0.394,0.106,"407,347"
7,10%CS,50,0,0.180,0.781,0.556,"796,324"
7,10%CS,100,0,0.360,0.586,0.704,"623,616"
7,10%CS,150,0,0.189,0.503,0.614,"468,910"
1,Std,0,0,0.178,0.276,0.103,"284,774"
1,Std,50,0,0.296,0.555,0.662,"567,890"
1,Std,100,0,0.281,0.494,0.193,"493,517"
1,Std,150,0,0.260,0.614,0.684,"635,259"
2,Std,0,0,0.297,0.283,0.551,"279,839"
2,Std,50,0,0.414,0.639,1.123,"647,660"
2,Std,100,0,0.382,0.471,0.312,"476,928"
2,Std,150,0,0.356,0.432,0.703,"431,073"
3,Std,0,0,0.283,0.188,0.379,"177,869"
3,Std,50,0,0.541,0.097,0.775,"97,178"
3,Std,100,0,0.400,0.103,0.432,"117,709"
3,Std,150,0,0.409,0.106,0.511,"114,442"
4,Std,0,0,0.229,0.199,0.209,"202,752"
4,Std,50,0,0.707,0.068,0.937,"74,117"
4,Std,100,0,0.564,0.125,1.093,"138,179"
4,Std,150,0,0.556,0.134,0.413,"150,671"
5,Std,0,0,0.265,0.292,0.151,"326,328"
5,Std,50,0,0.322,0.438,0.651,"409,006"
5,Std,100,0,0.356,0.440,0.668,"455,967"
5,Std,150,0,0.504,0.476,0.354,"443,249"
6,Std,0,0,0.174,0.305,0.091,"313,948"
6,Std,50,0,0.332,0.713,0.655,"706,314"
6,Std,100,0,0.316,0.539,0.742,"542,925"
6,Std,150,0,0.207,0.416,0.588,"430,735"
7,Std,0,0,0.121,0.395,0.094,"389,775"
7,Std,50,0,0.170,0.720,0.471,"726,313"
7,Std,100,0,0.320,0.429,0.715,"413,737"
7,Std,150,0,0.338,0.537,0.481,"533,729"
1,10%CS,0,0,0.311,0.260,0.247,"253,440"
1,10%CS,50,0,0.348,0.453,0.185,"475,341"
1,10%CS,100,0,0.289,0.590,0.277,"606,392"
1,10%CS,150,0,0.257,0.474,0.276,"472,781"
2,10%CS,0,0,0.382,0.262,0.215,"255,324"
2,10%CS,50,0,0.468,0.354,0.144,"385,321"
2,10%CS,100,0,0.381,0.377,0.326,"381,542"
2,10%CS,150,0,0.348,0.367,0.698,"358,420"
3,10%CS,0,0,0.464,0.359,0.533,"347,812"
3,10%CS,50,0,0.583,0.358,0.087,"394,957"
3,10%CS,100,0,0.468,0.287,0.298,"303,636"
3,10%CS,150,0,0.396,0.243,0.532,"248,218"
4,10%CS,0,0,0.342,0.401,0.561,"413,737"
4,10%CS,50,0,0.397,0.482,0.837,"451,727"
4,10%CS,100,0,0.577,0.402,0.988,"427,622"
4,10%CS,150,0,0.538,0.364,0.597,"412,078"
5,10%CS,0,0,0.144,0.439,0.176,"491,295"
5,10%CS,50,0,0.280,0.645,0.312,"632,975"
5,10%CS,100,0,0.610,0.438,0.792,"464,916"
5,10%CS,150,0,0.428,0.398,0.530,"409,006"
6,10%CS,0,0,0.139,0.367,0.133,"386,335"
6,10%CS,50,0,0.172,0.433,0.564,"435,241"
6,10%CS,100,0,0.514,0.567,0.747,"559,104"
6,10%CS,150,0,0.099,0.554,0.637,"585,165"
7,10%CS,0,0,0.099,0.270,0.075,"278,118"
7,10%CS,50,0,0.152,0.294,0.530,"290,447"
7,10%CS,100,0,0.317,0.572,0.484,"593,326"
7,10%CS,150,0,0.135,0.419,0.538,"451,768"
1,Std,0,0,0.152,0.143,0.032,"149,955"
1,Std,50,0,0.248,0.211,0.627,"207,053"
1,Std,100,0,0.229,0.505,0.140,"570,399"
1,Std,150,0,0.208,0.338,0.591,"328,663"
2,Std,0,0,0.257,0.049,0.377,"51,712"
2,Std,50,0,0.383,0.144,1.038,"138,916"
2,Std,100,0,0.348,0.313,0.273,"347,382"
2,Std,150,0,0.325,0.095,0.531,"106,496"
3,Std,0,0,0.250,0.158,0.351,"148,070"
3,Std,50,0,0.457,0.270,0.720,"286,433"
3,Std,100,0,0.360,0.238,0.187,"242,432"
3,Std,150,0,0.344,0.213,0.437,"238,797"
4,Std,0,0,0.188,0.260,0.063,"260,444"
4,Std,50,0,0.644,0.363,0.893,"385,618"
4,Std,100,0,0.520,0.356,1.031,"375,962"
4,Std,150,0,0.523,0.325,0.394,"323,727"
5,Std,0,0,0.263,0.237,0.062,"236,421"
5,Std,50,0,0.293,0.453,0.587,"469,893"
5,Std,100,0,0.288,0.330,0.608,"356,250"
5,Std,150,0,0.427,0.324,0.358,"344,003"
6,Std,0,0,0.145,0.209,0.037,"195,174"
6,Std,50,0,0.261,0.628,0.648,"597,422"
6,Std,100,0,0.270,0.495,0.601,"477,757"
6,Std,150,0,0.177,0.499,0.544,"528,384"
7,Std,0,0,0.079,0.233,0.090,"260,506"
7,Std,50,0,0.141,0.280,0.445,"286,720"
7,Std,100,0,0.268,0.537,0.569,"560,169"
7,Std,150,0,0.297,0.295,0.428,"288,348"
1,10%CS,0,0,0.431,0.146,0.310,"139,489"
1,10%CS,50,0,0.451,0.287,0.198,"297,329"
1,10%CS,100,0,0.361,0.284,0.362,"300,196"
1,10%CS,150,0,0.355,0.387,0.284,"394,445"
2,10%CS,0,0,0.506,0.103,0.312,"106,598"
2,10%CS,50,0,0.542,0.179,0.141,"174,080"
2,10%CS,100,0,0.503,0.293,0.391,"303,514"
2,10%CS,150,0,0.492,0.294,0.805,"301,568"
3,10%CS,0,0,0.499,0.039,0.774,"38,625"
3,10%CS,50,0,0.756,0.230,0.093,"249,651"
3,10%CS,100,0,0.501,0.063,0.617,"60,088"
3,10%CS,150,0,0.536,0.095,0.662,"101,683"
4,10%CS,0,0,0.431,0.135,0.776,"127,498"
4,10%CS,50,0,0.476,0.196,1.003,"188,830"
4,10%CS,100,0,0.646,0.196,1.116,"200,754"
4,10%CS,150,0,0.670,0.156,0.749,"157,539"
5,10%CS,0,0,0.216,0.203,0.414,"215,941"
5,10%CS,50,0,0.395,0.355,0.347,"381,817"
5,10%CS,100,0,0.668,0.240,1.208,"225,735"
5,10%CS,150,0,0.551,0.354,0.545,"330,615"
6,10%CS,0,0,0.210,0.274,0.203,"258,492"
6,10%CS,50,0,0.269,0.475,0.653,"498,296"
6,10%CS,100,0,0.649,0.217,1.087,"229,186"
6,10%CS,150,0,0.455,0.364,0.692,"355,287"
7,10%CS,0,0,0.163,0.309,0.139,"312,831"
7,10%CS,50,0,0.231,0.404,0.629,"399,438"
7,10%CS,100,0,0.450,0.611,1.046,"580,604"
7,10%CS,150,0,0.221,0.446,0.626,"460,621"
1,Std,0,0,0.193,0.211,0.183,"231,434"
1,Std,50,0,0.343,0.184,0.696,"192,849"
1,Std,100,0,0.315,0.368,0.263,"418,184"
1,Std,150,0,0.290,0.294,0.724,"313,986"
2,Std,0,0,0.305,0.143,0.740,"135,530"
2,Std,50,0,0.530,0.185,1.094,"201,613"
2,Std,100,0,0.422,0.368,0.380,"367,164"
2,Std,150,0,0.412,0.299,0.778,"283,181"
3,Std,0,0,0.327,0.073,0.432,"79,201"
3,Std,50,0,0.571,0.165,0.755,"167,868"
3,Std,100,0,0.455,0.386,0.626,"379,802"
3,Std,150,0,0.439,0.309,0.548,"288,566"
4,Std,0,0,0.269,0.117,0.366,"127,549"
4,Std,50,0,0.776,0.326,0.940,"321,454"
4,Std,100,0,0.629,0.102,1.133,"105,984"
4,Std,150,0,0.599,0.142,0.436,"139,919"
5,Std,0,0,0.310,0.065,0.225,"64,616"
5,Std,50,0,0.360,0.199,0.706,"215,484"
5,Std,100,0,0.384,0.177,0.719,"165,964"
5,Std,150,0,0.514,0.200,0.365,"209,292"
6,Std,0,0,0.221,0.133,0.162,"142,366"
6,Std,50,0,0.392,0.207,0.683,"222,057"
6,Std,100,0,0.369,0.148,0.922,"154,298"
6,Std,150,0,0.263,0.321,0.599,"316,882"
7,Std,0,0,0.161,0.150,0.099,"154,545"
7,Std,50,0,0.226,0.368,0.497,"392,867"
7,Std,100,0,0.364,0.155,1.017,"147,890"
7,Std,150,0,0.360,0.322,0.558,"341,793"
0,10%CS,0,1,0.085,0.082,0.170,"78,561"
0,10%CS,50,1,0.275,0.280,0.393,"286,720"
0,10%CS,100,1,0.097,0.102,0.146,"100,352"
0,10%CS,150,1,0.142,0.140,0.103,"137,626"
1,10%CS,0,1,0.268,0.191,0.378,"192,132"
1,10%CS,50,1,0.494,0.274,0.740,"312,042"
1,10%CS,100,1,0.341,0.267,0.267,"271,152"
1,10%CS,150,1,0.350,0.359,0.573,"362,730"
2,10%CS,0,1,0.284,0.120,0.505,"126,610"
2,10%CS,50,1,0.469,0.247,0.679,"264,093"
2,10%CS,100,1,0.347,0.226,0.338,"238,030"
2,10%CS,150,1,0.374,0.419,0.696,"442,940"
3,10%CS,0,1,0.390,0.036,0.396,"38,158"
3,10%CS,50,1,0.580,0.160,0.586,"158,731"
3,10%CS,100,1,0.556,0.170,0.391,"169,693"
3,10%CS,150,1,0.487,0.478,0.566,"513,540"
4,10%CS,0,1,0.348,0.223,0.447,"230,912"
4,10%CS,50,1,0.781,0.169,0.924,"164,659"
4,10%CS,100,1,0.543,0.180,1.149,"174,428"
4,10%CS,150,1,0.476,0.172,0.498,"175,995"
5,10%CS,0,1,0.337,0.293,0.191,"294,298"
5,10%CS,50,1,0.597,0.164,0.453,"163,809"
5,10%CS,100,1,0.520,0.233,0.620,"249,201"
5,10%CS,150,1,0.439,0.253,0.384,"261,888"
6,10%CS,0,1,0.230,0.390,0.130,"358,420"
6,10%CS,50,1,0.505,0.470,0.411,"504,791"
6,10%CS,100,1,0.546,0.496,0.589,"501,596"
6,10%CS,150,1,0.603,0.525,0.552,"501,350"
7,10%CS,0,1,0.117,0.429,0.070,"420,506"
7,10%CS,50,1,0.557,0.996,0.408,"1,003,213"
7,10%CS,100,1,0.577,0.431,0.379,"458,670"
7,10%CS,150,1,0.550,0.598,0.556,"618,086"
0,Std,0,1,0.155,0.444,0.081,"468,285"
0,Std,50,1,0.401,0.876,0.266,"887,439"
0,Std,100,1,0.132,0.816,0.099,"815,104"
0,Std,150,1,0.104,0.584,0.136,"625,265"
1,Std,0,1,0.197,0.364,0.236,"374,170"
1,Std,50,1,0.308,0.659,0.762,"664,351"
1,Std,100,1,0.334,0.693,0.361,"688,507"
1,Std,150,1,0.269,0.497,0.870,"541,563"
2,Std,0,1,0.177,0.351,0.378,"364,585"
2,Std,50,1,0.313,0.847,0.618,"826,972"
2,Std,100,1,0.307,0.644,0.533,"651,571"
2,Std,150,1,0.293,0.555,0.744,"570,757"
3,Std,0,1,0.319,0.223,0.431,"236,995"
3,Std,50,1,0.527,0.182,0.737,"179,159"
3,Std,100,1,0.477,0.181,0.599,"196,895"
3,Std,150,1,0.420,0.181,0.675,"195,338"
4,Std,0,1,0.234,0.293,0.894,"291,021"
4,Std,50,1,0.605,0.129,1.016,"134,185"
4,Std,100,1,0.545,0.283,1.131,"259,891"
4,Std,150,1,0.500,0.287,0.636,"280,924"
5,Std,0,1,0.243,0.380,0.618,"364,861"
5,Std,50,1,0.567,0.607,0.660,"625,459"
5,Std,100,1,0.372,0.525,0.890,"557,507"
5,Std,150,1,0.301,0.516,0.380,"538,583"
6,Std,0,1,0.148,0.352,0.328,"367,135"
6,Std,50,1,0.303,0.915,0.740,"981,811"
6,Std,100,1,0.400,0.660,0.899,"702,208"
6,Std,150,1,0.434,0.568,0.553,"599,265"
7,Std,0,1,0.100,0.494,0.075,"459,141"
7,Std,50,1,0.421,0.903,0.412,"1,009,766"
7,Std,100,1,0.414,0.635,0.792,"620,278"
7,Std,150,1,0.462,0.575,0.506,"621,517"
0,10%CS,0,1,0.039,0.345,0.116,"331,448"
0,10%CS,50,1,0.230,0.572,0.323,"597,524"
0,10%CS,100,1,0.062,0.670,0.105,"769,208"
0,10%CS,150,1,0.100,0.575,0.143,"611,113"
1,10%CS,0,1,0.222,0.352,0.357,"356,250"
1,10%CS,50,1,0.386,0.524,0.672,"537,856"
1,10%CS,100,1,0.280,0.453,0.271,"453,366"
1,10%CS,150,1,0.308,0.480,0.534,"463,012"
2,10%CS,0,1,0.250,0.407,0.517,"409,436"
2,10%CS,50,1,0.383,0.455,0.651,"480,461"
2,10%CS,100,1,0.304,0.348,0.346,"381,911"
2,10%CS,150,1,0.314,0.324,0.696,"312,279"
3,10%CS,0,1,0.329,0.566,0.422,"555,172"
3,10%CS,50,1,0.534,0.583,0.605,"606,986"
3,10%CS,100,1,0.546,0.529,0.356,"527,360"
3,10%CS,150,1,0.454,0.470,0.538,"485,612"
4,10%CS,0,1,0.303,0.493,0.461,"535,675"
4,10%CS,50,1,0.745,0.730,0.981,"762,307"
4,10%CS,100,1,0.457,0.564,1.023,"615,895"
4,10%CS,150,1,0.553,0.554,0.517,"561,807"
5,10%CS,0,1,0.285,0.441,0.053,"447,898"
5,10%CS,50,1,0.503,0.548,0.434,"515,973"
5,10%CS,100,1,0.442,0.669,0.535,"716,268"
5,10%CS,150,1,0.382,0.686,0.357,"684,237"
6,10%CS,0,1,0.171,0.377,0.087,"371,302"
6,10%CS,50,1,0.424,0.413,0.432,"410,542"
6,10%CS,100,1,0.493,0.686,0.471,"724,173"
6,10%CS,150,1,0.552,0.539,0.546,"581,222"
7,10%CS,0,1,0.081,0.215,0.009,"224,379"
7,10%CS,50,1,0.502,0.294,0.368,"280,125"
7,10%CS,100,1,0.544,0.631,0.319,"633,078"
7,10%CS,150,1,0.518,0.422,0.498,"454,595"
0,Std,0,1,0.120,0.162,0.041,"163,512"
0,Std,50,1,0.322,0.234,0.240,"249,446"
0,Std,100,1,0.096,0.451,0.058,"428,032"
0,Std,150,1,0.144,0.208,0.099,"214,221"
1,Std,0,1,0.160,0.198,0.251,"202,998"
1,Std,50,1,0.240,0.396,0.691,"376,668"
1,Std,100,1,0.275,0.310,0.354,"338,821"
1,Std,150,1,0.214,0.296,0.885,"281,846"
2,Std,0,1,0.135,0.333,0.376,"354,478"
2,Std,50,1,0.271,0.529,0.619,"484,864"
2,Std,100,1,0.245,0.431,0.553,"449,126"
2,Std,150,1,0.249,0.422,0.830,"442,982"
3,Std,0,1,0.269,0.312,0.461,"329,318"
3,Std,50,1,0.469,0.631,0.685,"599,962"
3,Std,100,1,0.358,0.409,0.547,"452,209"
3,Std,150,1,0.326,0.414,0.691,"426,639"
4,Std,0,1,0.186,0.270,0.870,"267,837"
4,Std,50,1,0.548,0.760,1.018,"800,256"
4,Std,100,1,0.474,0.611,1.088,"644,403"
4,Std,150,1,0.526,0.603,0.621,"591,667"
5,Std,0,1,0.195,0.335,0.484,"315,228"
5,Std,50,1,0.468,0.407,0.604,"418,202"
5,Std,100,1,0.329,0.621,0.773,"696,883"
5,Std,150,1,0.250,0.377,0.392,"410,522"
6,Std,0,1,0.114,0.212,0.208,"217,620"
6,Std,50,1,0.261,0.348,0.665,"347,996"
6,Std,100,1,0.321,0.354,0.695,"352,051"
6,Std,150,1,0.364,0.501,0.540,"542,597"
7,Std,0,1,0.082,0.151,0.072,"146,688"
7,Std,50,1,0.341,0.231,0.413,"257,311"
7,Std,100,1,0.364,0.407,0.689,"446,423"
7,Std,150,1,0.378,0.378,0.488,"403,046"
0,10%CS,0,1,0.124,0.116,0.208,"124,600"
0,10%CS,50,1,0.311,0.313,0.459,"329,134"
0,10%CS,100,1,0.143,0.147,0.179,"144,507"
0,10%CS,150,1,0.169,0.179,0.078,"166,943"
1,10%CS,0,1,0.334,0.229,0.374,"239,869"
1,10%CS,50,1,0.552,0.201,0.672,"206,644"
1,10%CS,100,1,0.411,0.374,0.266,"401,742"
1,10%CS,150,1,0.415,0.158,0.544,"167,776"
2,10%CS,0,1,0.324,0.339,0.534,"341,018"
2,10%CS,50,1,0.561,0.424,0.675,"388,045"
2,10%CS,100,1,0.400,0.453,0.330,"503,879"
2,10%CS,150,1,0.452,0.459,0.671,"449,779"
3,10%CS,0,1,0.455,0.340,0.397,"354,170"
3,10%CS,50,1,0.679,0.526,0.580,"535,834"
3,10%CS,100,1,0.658,0.679,0.387,"735,144"
3,10%CS,150,1,0.529,0.378,0.534,"389,345"
4,10%CS,0,1,0.374,0.310,0.443,"329,426"
4,10%CS,50,1,0.887,0.419,0.933,"434,092"
4,10%CS,100,1,0.604,0.588,1.033,"598,100"
4,10%CS,150,1,0.460,0.450,0.494,"488,432"
5,10%CS,0,1,0.396,0.231,0.339,"229,393"
5,10%CS,50,1,0.671,0.287,0.493,"303,143"
5,10%CS,100,1,0.573,0.475,0.683,"489,355"
5,10%CS,150,1,0.457,0.339,0.405,"348,836"
6,10%CS,0,1,0.257,0.191,0.172,"194,519"
6,10%CS,50,1,0.589,0.210,0.411,"205,163"
6,10%CS,100,1,0.602,0.414,0.751,"416,977"
6,10%CS,150,1,0.707,0.307,0.576,"315,193"
7,10%CS,0,1,0.157,0.074,0.128,"85,200"
7,10%CS,50,1,0.673,0.172,0.388,"187,397"
7,10%CS,100,1,0.712,0.461,0.503,"423,780"
7,10%CS,150,1,0.662,0.308,0.538,"328,533"
0,Std,0,1,0.199,0.205,0.121,"200,499"
0,Std,50,1,0.416,0.418,0.348,"431,636"
0,Std,100,1,0.175,0.173,0.133,"180,818"
0,Std,150,1,0.081,0.078,0.162,"83,313"
1,Std,0,1,0.237,0.066,0.233,"67,657"
1,Std,50,1,0.372,0.224,0.722,"227,193"
1,Std,100,1,0.399,0.259,0.358,"257,795"
1,Std,150,1,0.329,0.215,0.866,"209,600"
2,Std,0,1,0.223,0.175,0.374,"176,166"
2,Std,50,1,0.367,0.215,0.608,"236,390"
2,Std,100,1,0.345,0.337,0.564,"383,782"
2,Std,150,1,0.379,0.337,0.806,"350,927"
3,Std,0,1,0.369,0.173,0.450,"175,614"
3,Std,50,1,0.566,0.387,0.732,"406,311"
3,Std,100,1,0.522,0.606,0.578,"605,749"
3,Std,150,1,0.494,0.350,0.684,"366,231"
4,Std,0,1,0.284,0.283,0.871,"273,586"
4,Std,50,1,0.750,0.502,1.011,"532,059"
4,Std,100,1,0.673,0.512,1.070,"480,089"
4,Std,150,1,0.574,0.455,0.637,"423,114"
5,Std,0,1,0.277,0.230,0.720,"231,272"
5,Std,50,1,0.636,0.290,0.732,"282,914"
5,Std,100,1,0.403,0.342,1.032,"334,801"
5,Std,150,1,0.355,0.378,0.390,"393,380"
6,Std,0,1,0.185,0.283,0.413,"308,422"
6,Std,50,1,0.402,0.268,0.770,"272,232"
6,Std,100,1,0.444,0.249,1.163,"240,854"
6,Std,150,1,0.492,0.444,0.638,"440,434"
7,Std,0,1,0.057,0.125,0.083,"123,337"
7,Std,50,1,0.436,0.167,0.438,"158,417"
7,Std,100,1,0.497,0.318,0.949,"308,608"
7,Std,150,1,0.516,0.487,0.513,"513,468"
